Workbook

Sheet Student Data
A1: Roll No | B1: Name | C1: English | D1: Physics | E1: Chemistry | F1: Biology | G1: Total | H1: Percentage | I1: Grade | J1: TOTAL MARKS | K1: Roll No | L1: Name | M1: Total Classes Attended | N1: Total Classes Missed | O1: Present (%) | P1: Total Classes
A2: R001 | B2: Ali | C2: 95 | D2: 95 | E2: 92 | F2: 89 | G2: 319 | H2: =((C2+D2+E2+F2)/400)*100 -> 92.75 | I2: =IF(H2>=90,"A+",IF(H2>=80,"A",IF(H2>=70,"B",IF(H2>=60,"C",IF(H2>=50,"D","F"))))) -> A+ | J2: 400 | K2: =A2 -> R001 | L2: =B2 -> Ali | M2: =ROUND($P$2*0.8,0) -> 40 | N2: =$P$2 - M2 -> 10 | O2: =IF($P$2>0,ROUND(M2/$P$2*100,2),0) -> 80 | P2: 50
A3: R002 | B3: Sara | C3: 72 | D3: 69 | E3: 74 | F3: 81 | G3: 296 | H3: =((C3+D3+E3+F3)/400)*100 -> 74 | I3: =IF(H3>=90,"A+",IF(H3>=80,"A",IF(H3>=70,"B",IF(H3>=60,"C",IF(H3>=50,"D","F"))))) -> B | K3: =A3 -> R002 | L3: =B3 -> Sara | M3: =ROUND($P$2*0.8,0) -> 40 | N3: =$P$2 - M3 -> 10 | O3: =IF($P$2>0,ROUND(M3/$P$2*100,2),0) -> 80
A4: R003 | B4: Bilal | C4: 90 | D4: 82 | E4: 87 | F4: 85 | G4: 344 | H4: =((C4+D4+E4+F4)/400)*100 -> 86 | I4: =IF(H4>=90,"A+",IF(H4>=80,"A",IF(H4>=70,"B",IF(H4>=60,"C",IF(H4>=50,"D","F"))))) -> A | K4: =A4 -> R003 | L4: =B4 -> Bilal | M4: =ROUND($P$2*0.8,0) -> 40 | N4: =$P$2 - M4 -> 10 | O4: =IF($P$2>0,ROUND(M4/$P$2*100,2),0) -> 80
A5: R004 | B5: Hina | C5: 66 | D5: 71 | E5: 68 | F5: 64 | G5: 269 | H5: =((C5+D5+E5+F5)/400)*100 -> 67.25 | I5: =IF(H5>=90,"A+",IF(H5>=80,"A",IF(H5>=70,"B",IF(H5>=60,"C",IF(H5>=50,"D","F"))))) -> C | K5: =A5 -> R004 | L5: =B5 -> Hina | M5: =ROUND($P$2*0.8,0) -> 40 | N5: =$P$2 - M5 -> 10 | O5: =IF($P$2>0,ROUND(M5/$P$2*100,2),0) -> 80
A6: R005 | B6: Ahmed | C6: 79 | D6: 85 | E6: 83 | F6: 80 | G6: 327 | H6: =((C6+D6+E6+F6)/400)*100 -> 81.75 | I6: =IF(H6>=90,"A+",IF(H6>=80,"A",IF(H6>=70,"B",IF(H6>=60,"C",IF(H6>=50,"D","F"))))) -> A | K6: =A6 -> R005 | L6: =B6 -> Ahmed | M6: 20 | N6: =$P$2 - M6 -> 30 | O6: =IF($P$2>0,ROUND(M6/$P$2*100,2),0) -> 40
A7: R006 | B7: Zara | C7: 88 | D7: 75 | E7: 77 | F7: 82 | G7: 322 | H7: =((C7+D7+E7+F7)/400)*100 -> 80.5 | I7: =IF(H7>=90,"A+",IF(H7>=80,"A",IF(H7>=70,"B",IF(H7>=60,"C",IF(H7>=50,"D","F"))))) -> A | K7: =A7 -> R006 | L7: =B7 -> Zara | M7: 30 | N7: =$P$2 - M7 -> 20 | O7: =IF($P$2>0,ROUND(M7/$P$2*100,2),0) -> 60
A8: R007 | B8: Usman | C8: 60 | D8: 58 | E8: 65 | F8: 70 | G8: 253 | H8: =((C8+D8+E8+F8)/400)*100 -> 63.25 | I8: =IF(H8>=90,"A+",IF(H8>=80,"A",IF(H8>=70,"B",IF(H8>=60,"C",IF(H8>=50,"D","F"))))) -> C | K8: =A8 -> R007 | L8: =B8 -> Usman | M8: =ROUND($P$2*0.8,0) -> 40 | N8: =$P$2 - M8 -> 10 | O8: =IF($P$2>0,ROUND(M8/$P$2*100,2),0) -> 80
A9: R008 | B9: Fatima | C9: 93 | D9: 90 | E9: 91 | F9: 89 | G9: 363 | H9: =((C9+D9+E9+F9)/400)*100 -> 90.75 | I9: =IF(H9>=90,"A+",IF(H9>=80,"A",IF(H9>=70,"B",IF(H9>=60,"C",IF(H9>=50,"D","F"))))) -> A+ | K9: =A9 -> R008 | L9: =B9 -> Fatima | M9: =ROUND($P$2*0.8,0) -> 40 | N9: =$P$2 - M9 -> 10 | O9: =IF($P$2>0,ROUND(M9/$P$2*100,2),0) -> 80
H10: =((C10+D10+E10+F10)/400)*100 -> 0
I11: Overall Performance
H12: =((C12+D12+E12+F12)/400)*100 -> 0 | I12: Highest %: | J12: =MAX(H2:H9) -> 92.75
I13: Lowest %: | J13: =MIN(H2:H9) -> 63.25
I14: Average %: | J14: =AVERAGE(H2:H9) -> 79.53125

Sheet Attendance Table
B1: Total Classes | C1: 50
A3: Roll No | B3: Name | C3: Classes Attended | D3: Classes Missed | E3: Total Classes | F3: Present (%)
A4: ='Student Data'!A2 -> R001 | B4: ='Student Data'!B2 -> Ali | C4: =ROUND($C$1 * ('Student Data'!K2/100),0) -> #VALUE! | D4: =$C$1 - C4 -> #VALUE! | E4: =$C$1 -> 50 | F4: =IF($C$1>0,ROUND(C4/$C$1*100,2),0) -> #VALUE!
A5: ='Student Data'!A3 -> R002 | B5: ='Student Data'!B3 -> Sara | C5: =ROUND($C$1 * ('Student Data'!K3/100),0) -> #VALUE! | D5: =$C$1 - C5 -> #VALUE! | E5: =$C$1 -> 50 | F5: =IF($C$1>0,ROUND(C5/$C$1*100,2),0) -> #VALUE!
A6: ='Student Data'!A4 -> R003 | B6: ='Student Data'!B4 -> Bilal | C6: =ROUND($C$1 * ('Student Data'!K4/100),0) -> #VALUE! | D6: =$C$1 - C6 -> #VALUE! | E6: =$C$1 -> 50 | F6: =IF($C$1>0,ROUND(C6/$C$1*100,2),0) -> #VALUE!
A7: ='Student Data'!A5 -> R004 | B7: ='Student Data'!B5 -> Hina | C7: =ROUND($C$1 * ('Student Data'!K5/100),0) -> #VALUE! | D7: =$C$1 - C7 -> #VALUE! | E7: =$C$1 -> 50 | F7: =IF($C$1>0,ROUND(C7/$C$1*100,2),0) -> #VALUE!
A8: ='Student Data'!A6 -> R005 | B8: ='Student Data'!B6 -> Ahmed | C8: =ROUND($C$1 * ('Student Data'!K6/100),0) -> #VALUE! | D8: =$C$1 - C8 -> #VALUE! | E8: =$C$1 -> 50 | F8: =IF($C$1>0,ROUND(C8/$C$1*100,2),0) -> #VALUE!
A9: ='Student Data'!A7 -> R006 | B9: ='Student Data'!B7 -> Zara | C9: =ROUND($C$1 * ('Student Data'!K7/100),0) -> #VALUE! | D9: =$C$1 - C9 -> #VALUE! | E9: =$C$1 -> 50 | F9: =IF($C$1>0,ROUND(C9/$C$1*100,2),0) -> #VALUE!
A10: ='Student Data'!A8 -> R007 | B10: ='Student Data'!B8 -> Usman | C10: =ROUND($C$1 * ('Student Data'!K8/100),0) -> #VALUE! | D10: =$C$1 - C10 -> #VALUE! | E10: =$C$1 -> 50 | F10: =IF($C$1>0,ROUND(C10/$C$1*100,2),0) -> #VALUE!
A11: ='Student Data'!A9 -> R008 | B11: ='Student Data'!B9 -> Fatima | C11: =ROUND($C$1 * ('Student Data'!K9/100),0) -> #VALUE! | D11: =$C$1 - C11 -> #VALUE! | E11: =$C$1 -> 50 | F11: =IF($C$1>0,ROUND(C11/$C$1*100,2),0) -> #VALUE!
